,obs_region,term,2016,2017,2018,2019,per_diff,avg_rate
1,Eurasia,protaspis,0.5,0.481481481,0.457142857,0.348717949,-0.151282051,0.446835572
2,Latin_America_and_the_Caribbean,unlawyered,0.293680297,0.263843648,0.252365931,0.179624665,-0.114055632,0.247378635
3,Latin_America_and_the_Caribbean,hamotzi,0.327137546,0.293159609,0.280757098,0.222520107,-0.104617439,0.28089359
4,Global,dirks,0.253164557,0.169934641,0.227272727,0.154855643,-0.098308914,0.201306892
5,Eurasia,proems,0.303030303,0.354497354,0.257142857,0.205128205,-0.097902098,0.27994968
6,Eurasia,homicidally,0.525252525,0.444444444,0.348571429,0.430769231,-0.094483294,0.437259407
7,Latin_America_and_the_Caribbean,parilicium,0.412639405,0.38762215,0.372239748,0.319034853,-0.093604552,0.372884039
8,Europe,sciolistic,0.474637681,0.359349593,0.405498282,0.383360522,-0.091277159,0.40571152
9,Europe,protaspis,0.5,0.41300813,0.372852234,0.411092985,-0.088907015,0.424238337
10,US_Canada,homicidally,0.503171247,0.406804734,0.442176871,0.416315049,-0.086856198,0.442116975
11,Global,sciolistic,0.60443038,0.526143791,0.53125,0.522309711,-0.082120669,0.546033471
12,Middle_East_and_North_Africa,unodoriferously,0.081481481,0,0,0,-0.081481481,0.02037037
13,Asia_Pacific,unodoriferously,0.079734219,0.003115265,0,0,-0.079734219,0.020712371
14,Eurasia,gridder,0.156565657,0.148148148,0.12,0.082051282,-0.074514375,0.126691272
15,Latin_America_and_the_Caribbean,tirocinium,0.312267658,0.286644951,0.268138801,0.238605898,-0.07366176,0.276414327
16,Europe,gridder,0.206521739,0.177235772,0.16838488,0.135399674,-0.071122065,0.171885516
17,Middle_East_and_North_Africa,earlduck,0.125925926,0.085561497,0.131147541,0.056603774,-0.069322152,0.099809685
18,Latin_America_and_the_Caribbean,eruptions,0.327137546,0.306188925,0.268138801,0.260053619,-0.067083927,0.290379723
19,Middle_East_and_North_Africa,desalinate,0.081481481,0.037433155,0.076502732,0.018867925,-0.062613556,0.053571323
20,Latin_America_and_the_Caribbean,ethography,0.118959108,0.09771987,0.041009464,0.061662198,-0.05729691,0.07983766
21,Europe,homicidally,0.572463768,0.453658537,0.486254296,0.515497553,-0.056966215,0.506968539
22,Latin_America_and_the_Caribbean,earlduck,0.17472119,0.123778502,0.113564669,0.117962466,-0.056758724,0.132506707
23,Middle_East_and_North_Africa,sodomitically,0.081481481,0.069518717,0.114754098,0.025157233,-0.056324248,0.072727882
24,Eurasia,desalinate,0.090909091,0.095238095,0.045714286,0.035897436,-0.055011655,0.066939727
25,Latin_America_and_the_Caribbean,superboldly,0.092936803,0.039087948,0.066246057,0.040214477,-0.052722326,0.059621321
26,Latin_America_and_the_Caribbean,reshes,0.111524164,0.110749186,0.085173502,0.058981233,-0.052542931,0.091607021
27,Asia_Pacific,aeronomies,0.23255814,0.205607477,0.195488722,0.180327869,-0.052230271,0.203495552
28,Latin_America_and_the_Caribbean,crassis,0.100371747,0.061889251,0.028391167,0.048257373,-0.052114374,0.059727385
29,Latin_America_and_the_Caribbean,haloesque,0.05204461,0.019543974,0,0,-0.05204461,0.017897146
30,Latin_America_and_the_Caribbean,stooped,0.126394052,0.123778502,0.059936909,0.075067024,-0.051327028,0.096294122
31,Latin_America_and_the_Caribbean,pseudointellectually,0.133828996,0.084690554,0.075709779,0.08310992,-0.050719076,0.094334812
32,Latin_America_and_the_Caribbean,unodoriferously,0.219330855,0.205211726,0.179810726,0.168900804,-0.050430051,0.193313528
33,US_Canada,protaspis,0.541226216,0.517751479,0.472789116,0.490857947,-0.050368269,0.50565619
34,Latin_America_and_the_Caribbean,midwiving,0.092936803,0.06514658,0.072555205,0.042895442,-0.050041361,0.068383508
35,Europe,unodoriferously,0.052536232,0.006504065,0.006872852,0.003262643,-0.049273589,0.017293948
36,Europe,sealyham,0.130434783,0.089430894,0.096219931,0.081566069,-0.048868714,0.099412919
37,US_Canada,parilicium,0.158562368,0.134615385,0.137755102,0.111111111,-0.047451257,0.135510992
38,US_Canada,supervolition,0.141649049,0.152366864,0.102040816,0.094233474,-0.047415575,0.122572551
39,US_Canada,mercement,0.099365751,0.065088757,0.06462585,0.052039381,-0.04732637,0.070279935
40,Europe,tribasilar,0.063405797,0.024390244,0.027491409,0.016313214,-0.047092583,0.032900166
41,US_Canada,salespeople,0.285412262,0.202662722,0.217687075,0.239099859,-0.046312403,0.23621548
42,Middle_East_and_North_Africa,anatomisable,0.096296296,0.07486631,0.087431694,0.050314465,-0.045981831,0.077227191
43,Eurasia,sodomitically,0.080808081,0.084656085,0.034285714,0.035897436,-0.044910645,0.058911829
44,Eurasia,earlduck,0.080808081,0.08994709,0.051428571,0.035897436,-0.044910645,0.064520295
45,US_Canada,sciolistic,0.272727273,0.229289941,0.244897959,0.229254571,-0.043472702,0.244042436
46,Latin_America_and_the_Caribbean,subarticulate,0.107806691,0.087947883,0.066246057,0.064343164,-0.043463527,0.081585949
47,Eurasia,aeronomies,0.196969697,0.169312169,0.125714286,0.153846154,-0.043123543,0.161460577
48,Europe,fauchards,0.119565217,0.063414634,0.079037801,0.076672104,-0.042893113,0.084672439
49,US_Canada,hamotzi,0.179704017,0.196745562,0.141156463,0.137834037,-0.04186998,0.16386002
50,US_Canada,platysomid,0.126849894,0.091715976,0.110544218,0.085794655,-0.041055239,0.103726186
51,US_Canada,kafir,0.050739958,0.014792899,0.023809524,0.011251758,-0.0394882,0.025148535
52,Latin_America_and_the_Caribbean,steri,0.189591078,0.179153094,0.14511041,0.150134048,-0.03945703,0.165997158
53,Asia_Pacific,protaspis,0.485049834,0.464174455,0.458646617,0.445901639,-0.039148195,0.463443136
54,Latin_America_and_the_Caribbean,headlamps,0.111524164,0.117263844,0.14511041,0.072386059,-0.039138105,0.111571119
55,Global,overintellectualized,0.060126582,0.055555556,0.039772727,0.020997375,-0.039129207,0.04411306
56,Latin_America_and_the_Caribbean,removedly,0.130111524,0.084690554,0.097791798,0.091152815,-0.038958709,0.100936673
57,Europe,piezometrical,0.083333333,0.060162602,0.056701031,0.045676998,-0.037656335,0.061468491
58,Asia_Pacific,reshes,0.07641196,0.037383178,0.026315789,0.039344262,-0.037067698,0.044863797
59,Africa,removedly,0.101369863,0.073170732,0.081218274,0.064599483,-0.03677038,0.080089588
60,Africa,hypoleucocytosis,0.054794521,0.027100271,0.02284264,0.018087855,-0.036706666,0.030706322
61,Latin_America_and_the_Caribbean,ceaselessness,0.379182156,0.348534202,0.359621451,0.343163539,-0.036018617,0.357625337
62,US_Canada,sealyham,0.114164905,0.113905325,0.081632653,0.078762307,-0.035402598,0.097116298
63,Eurasia,digitinervate,0.035353535,0.037037037,0.011428571,0,-0.035353535,0.020954786
64,Eurasia,pendency,0.035353535,0.042328042,0.028571429,0,-0.035353535,0.026563252
65,Middle_East_and_North_Africa,gridder,0.066666667,0.042780749,0.038251366,0.031446541,-0.035220126,0.044786331
66,Europe,pseudophone,0.05615942,0.02601626,0.04467354,0.021207178,-0.034952242,0.0370141
67,Latin_America_and_the_Caribbean,valeryl,0.230483271,0.211726384,0.176656151,0.195710456,-0.034772815,0.203644066
68,Latin_America_and_the_Caribbean,tickings,0.066914498,0.058631922,0.050473186,0.032171582,-0.034742916,0.052047797
69,Eurasia,fourscorth,0.085858586,0.052910053,0.085714286,0.051282051,-0.034576535,0.068941244
70,Middle_East_and_North_Africa,waterskiing,0.103703704,0.096256684,0.120218579,0.06918239,-0.034521314,0.097340339
71,Global,arteriostrepsis,0.047468354,0.045751634,0.039772727,0.01312336,-0.034344994,0.036529019
72,Asia_Pacific,desalinate,0.086378738,0.065420561,0.030075188,0.052459016,-0.033919722,0.058583376
73,Eurasia,emulatress,0.146464646,0.121693122,0.16,0.112820513,-0.033644133,0.13524457
74,Asia_Pacific,trekboer,0.03986711,0.037383178,0.026315789,0.006557377,-0.033309733,0.027530864
75,Latin_America_and_the_Caribbean,mamaloi,0.05204461,0.03257329,0.03785489,0.018766756,-0.033277854,0.035309887
76,Africa,housebote,0.076712329,0.051490515,0.025380711,0.043927649,-0.03278468,0.049377801
77,US_Canada,unlawyered,0.190274841,0.176035503,0.154761905,0.157524613,-0.032750228,0.169649216
78,Latin_America_and_the_Caribbean,platysomid,0.241635688,0.244299674,0.246056782,0.209115282,-0.032520406,0.235276857
79,Latin_America_and_the_Caribbean,supervolition,0.144981413,0.120521173,0.14511041,0.112600536,-0.032380877,0.130803383
80,Middle_East_and_North_Africa,whill,0.044444444,0.069518717,0.043715847,0.012578616,-0.031865828,0.042564406
81,Global,amalgamative,0.047468354,0.039215686,0.045454545,0.015748031,-0.031720323,0.036971654
82,Europe,domines,0.050724638,0.032520325,0.037800687,0.019575856,-0.031148782,0.035155377
83,Latin_America_and_the_Caribbean,oskar,0.07063197,0.045602606,0.082018927,0.040214477,-0.030417493,0.059616995
84,Eurasia,valeryl,0.050505051,0.042328042,0.028571429,0.020512821,-0.02999223,0.035479336
85,Eurasia,subtilization,0.065656566,0.042328042,0.028571429,0.035897436,-0.02975913,0.043113368
86,Europe,subarticulate,0.052536232,0.045528455,0.034364261,0.022838499,-0.029697733,0.038816862
87,US_Canada,pinealectomy,0.067653277,0.047337278,0.040816327,0.037974684,-0.029678593,0.048445392
88,Eurasia,pseudointellectually,0.080808081,0.047619048,0.068571429,0.051282051,-0.02952603,0.062070152
89,Europe,proems,0.311594203,0.237398374,0.250859107,0.282218597,-0.029375606,0.27051757
90,Global,extrapyramidal,0.044303797,0.032679739,0.03125,0.015748031,-0.028555766,0.030995392
91,Europe,monticola,0.038043478,0.021138211,0.024054983,0.009787928,-0.02825555,0.02325615
92,Global,eutectic,0.053797468,0.039215686,0.051136364,0.026246719,-0.027550749,0.042599059
93,Global,homicidally,0.620253165,0.64379085,0.693181818,0.593175853,-0.027077312,0.637600422
94,US_Canada,ditt,0.054968288,0.034023669,0.037414966,0.028129395,-0.026838893,0.03863408
95,Global,negationalist,0.041139241,0.019607843,0.028409091,0.015748031,-0.02539121,0.026226052
96,Eurasia,gravat,0.045454545,0.026455026,0.022857143,0.020512821,-0.024941724,0.028819884
97,Global,emulatress,0.14556962,0.147058824,0.150568182,0.120734908,-0.024834712,0.140982884
98,Asia_Pacific,earlduck,0.129568106,0.146417445,0.086466165,0.104918033,-0.024650073,0.116842437
99,Eurasia,eutectic,0.075757576,0.074074074,0.062857143,0.051282051,-0.024475525,0.065992711
100,Asia_Pacific,sodomitically,0.109634551,0.099688474,0.045112782,0.085245902,-0.024388649,0.084920427
101,Asia_Pacific,oskar,0.106312292,0.080996885,0.082706767,0.081967213,-0.024345079,0.087995789
102,Eurasia,revisits,0.090909091,0.08994709,0.091428571,0.066666667,-0.024242424,0.084737855
103,Eurasia,pledgeors,0.095959596,0.132275132,0.12,0.071794872,-0.024164724,0.1050074
104,Global,dinking,0.110759494,0.098039216,0.096590909,0.086614173,-0.024145321,0.098000948
105,Europe,headlamps,0.094202899,0.07804878,0.067010309,0.070146819,-0.02405608,0.077352202
106,Global,midwiving,0.060126582,0.052287582,0.014204545,0.036745407,-0.023381175,0.040841029
107,Middle_East_and_North_Africa,sealyham,0.066666667,0.090909091,0.103825137,0.044025157,-0.02264151,0.076356513
108,Latin_America_and_the_Caribbean,taborets,0.05204461,0.055374593,0.050473186,0.029490617,-0.022553993,0.046845752
109,Africa,tickings,0.02739726,0.013550136,0.012690355,0.005167959,-0.022229301,0.014701428
110,Latin_America_and_the_Caribbean,phalansterist,0.089219331,0.100977199,0.078864353,0.067024129,-0.022195202,0.084021253
111,Global,boosters,0.066455696,0.062091503,0.090909091,0.044619423,-0.021836273,0.066018928
112,Global,fortyfives,0.050632911,0.032679739,0.048295455,0.028871391,-0.02176152,0.040119874
113,Latin_America_and_the_Caribbean,revisits,0.055762082,0.03257329,0.044164038,0.034852547,-0.020909535,0.041837989
114,Middle_East_and_North_Africa,hypoleucocytosis,0.051851852,0.026737968,0.043715847,0.031446541,-0.020405311,0.038438052
115,Asia_Pacific,monticola,0.03654485,0.031152648,0.026315789,0.016393443,-0.020151407,0.027601683
116,US_Canada,wheam,0.147991543,0.081360947,0.119047619,0.127988748,-0.020002795,0.119097214
117,Latin_America_and_the_Caribbean,monticola,0.05204461,0.035830619,0.047318612,0.032171582,-0.019873028,0.041841356
118,Eurasia,paraxylene,0.060606061,0.037037037,0.034285714,0.041025641,-0.01958042,0.043238613
119,Africa,parilicium,0.071232877,0.043360434,0.109137056,0.051679587,-0.01955329,0.068852489
120,Global,reshes,0.098101266,0.091503268,0.065340909,0.078740157,-0.019361109,0.0834214
121,Africa,pledgeors,0.112328767,0.108401084,0.078680203,0.093023256,-0.019305511,0.098108328
122,Global,unlawyered,0.189873418,0.18627451,0.176136364,0.170603675,-0.019269743,0.180721992
123,Eurasia,salespeople,0.121212121,0.142857143,0.142857143,0.102564103,-0.018648018,0.127372628
124,Eurasia,mercement,0.131313131,0.08994709,0.085714286,0.112820513,-0.018492618,0.104948755
125,US_Canada,waterskiing,0.046511628,0.034023669,0.022108844,0.028129395,-0.018382233,0.032693384
126,Middle_East_and_North_Africa,monticola,0.037037037,0.021390374,0.06010929,0.018867925,-0.018169112,0.034351157
127,Asia_Pacific,phalansterist,0.106312292,0.07788162,0.07518797,0.08852459,-0.017787702,0.086976618
128,US_Canada,undumbfounded,0.040169133,0.038461538,0.035714286,0.022503516,-0.017665617,0.034212118
129,Latin_America_and_the_Caribbean,cataphracted,0.100371747,0.107491857,0.097791798,0.08310992,-0.017261827,0.097191331
130,Europe,sodomitically,0.09057971,0.095934959,0.063573883,0.073409462,-0.017170248,0.080874504
131,Asia_Pacific,concertante,0.056478405,0.065420561,0.060150376,0.039344262,-0.017134143,0.055348401
132,US_Canada,proems,0.097251586,0.105029586,0.091836735,0.080168776,-0.01708281,0.093571671
133,US_Canada,roundeleer,0.097251586,0.099112426,0.091836735,0.080168776,-0.01708281,0.092092381
134,Middle_East_and_North_Africa,tickings,0.02962963,0.016042781,0.005464481,0.012578616,-0.017051014,0.015928877
135,US_Canada,exsiccated,0.054968288,0.066568047,0.039115646,0.037974684,-0.016993604,0.049656666
136,Asia_Pacific,emulatress,0.262458472,0.280373832,0.244360902,0.245901639,-0.016556833,0.258273711
137,Europe,pseudointellectually,0.072463768,0.047154472,0.067010309,0.057096248,-0.01536752,0.060931199
138,Africa,steri,0.04109589,0.035230352,0.030456853,0.025839793,-0.015256097,0.033155722
139,Africa,endopterygota,0.038356164,0.035230352,0.040609137,0.023255814,-0.01510035,0.034362867
140,Asia_Pacific,platysomid,0.149501661,0.140186916,0.142857143,0.13442623,-0.015075431,0.141742988
141,Eurasia,reshes,0.04040404,0.031746032,0.028571429,0.025641026,-0.014763014,0.031590632
142,Latin_America_and_the_Caribbean,unconvincing,0.05204461,0.039087948,0.028391167,0.037533512,-0.014511098,0.039264309
143,Europe,dinking,0.079710145,0.073170732,0.070446735,0.065252855,-0.01445729,0.072145117
144,Europe,overpious,0.112318841,0.074796748,0.109965636,0.097879282,-0.014439559,0.098740127
145,Latin_America_and_the_Caribbean,blurrier,0.022304833,0.003257329,0.006309148,0.008042895,-0.014261938,0.009978551
146,Africa,eutectic,0.060273973,0.029810298,0.050761421,0.046511628,-0.013762345,0.04683933
147,Global,earlduck,0.123417722,0.124183007,0.122159091,0.11023622,-0.013181502,0.11999901
148,Africa,phalansterist,0.049315068,0.024390244,0.025380711,0.036175711,-0.013139357,0.033815434
149,Middle_East_and_North_Africa,unconvincing,0.044444444,0.021390374,0.06010929,0.031446541,-0.012997903,0.039347662
150,US_Canada,appressed,0.042283298,0.025147929,0.030612245,0.029535865,-0.012747433,0.031894834
151,Eurasia,sciolistic,0.505050505,0.534391534,0.525714286,0.492307692,-0.012742813,0.514366004
152,Africa,nondialectically,0.04109589,0.024390244,0.025380711,0.028423773,-0.012672117,0.029822655
153,Middle_East_and_North_Africa,pendency,0.037037037,0.042780749,0.049180328,0.025157233,-0.011879804,0.038538837
154,Global,platysomid,0.189873418,0.202614379,0.196022727,0.17847769,-0.011395728,0.191747054
155,Global,unodoriferously,0.170886076,0.173202614,0.164772727,0.160104987,-0.010781089,0.167241601
156,US_Canada,solenial,0.027484,0.01035503,0.005102041,0.0168,-0.010684,0.014935268
157,Eurasia,tickings,0.01010101,0,0.005714286,0,-0.01010101,0.003953824
158,Global,proems,0.256329114,0.258169935,0.264204545,0.24671916,-0.009609954,0.256355689
159,Global,herbalism,0.025316456,0.016339869,0.008522727,0.015748031,-0.009568425,0.016481771
160,Global,protaspis,0.348101266,0.401960784,0.340909091,0.338582677,-0.009518589,0.357388455
161,US_Canada,kialee,0.057082452,0.045857988,0.042517007,0.047819972,-0.00926248,0.048319355
162,Global,caribal,0.053797468,0.058823529,0.045454545,0.044619423,-0.009178045,0.050673741
163,Latin_America_and_the_Caribbean,monocoque,0.05204461,0.071661238,0.025236593,0.042895442,-0.009149168,0.047959471
164,Global,tickings,0.018987342,0.009803922,0.005681818,0.010498688,-0.008488654,0.011242943
165,Eurasia,platysomid,0.121212121,0.164021164,0.131428571,0.112820513,-0.008391608,0.132370592
166,US_Canada,unodoriferously,0.124735729,0.143491124,0.137755102,0.11673699,-0.007998739,0.130679736
167,US_Canada,unconvincing,0.048625793,0.032544379,0.025510204,0.040787623,-0.00783817,0.036867
168,Global,zoaea,0.044303797,0.04248366,0.03125,0.036745407,-0.00755839,0.038695716
169,Asia_Pacific,aesculus,0.066445183,0.093457944,0.112781955,0.059016393,-0.00742879,0.082925369
170,Europe,fourscorth,0.074275362,0.050406504,0.080756014,0.066884176,-0.007391186,0.068080514
171,Asia_Pacific,pseudoarticulately,0.049833887,0.031152648,0.030075188,0.042622951,-0.007210936,0.038421169
172,Europe,unconvincing,0.018115942,0.014634146,0.015463918,0.01141925,-0.006696692,0.014908314
173,Europe,desalinate,0.048913043,0.053658537,0.036082474,0.042414356,-0.006498687,0.045267103
174,Global,roundeleer,0.174050633,0.192810458,0.178977273,0.167979003,-0.00607163,0.178454342
175,Latin_America_and_the_Caribbean,fortyfives,0.059479554,0.048859935,0.044164038,0.053619303,-0.005860251,0.051530708
176,Middle_East_and_North_Africa,homicidally,0.496296296,0.465240642,0.519125683,0.490566038,-0.005730258,0.492807165
177,Africa,fauchards,0.087671233,0.059620596,0.068527919,0.082687339,-0.004983894,0.074626772
178,US_Canada,pledgeors,0.291754757,0.389053254,0.284013605,0.286919831,-0.004834926,0.312935362
179,Eurasia,hypoleucocytosis,0.035353535,0.026455026,0.034285714,0.030769231,-0.004584304,0.031715877
180,Eurasia,boosters,0.035353535,0.063492063,0.034285714,0.030769231,-0.004584304,0.040975136
181,Eurasia,superboldly,0.035353535,0.031746032,0.034285714,0.030769231,-0.004584304,0.033038628
182,Eurasia,gerund,0.04040404,0.058201058,0.074285714,0.035897436,-0.004506604,0.052197062
183,Middle_East_and_North_Africa,overpious,0.02962963,0.032085561,0.054644809,0.025157233,-0.004472397,0.035379308
184,Middle_East_and_North_Africa,kafir,0.02962963,0.037433155,0.027322404,0.025157233,-0.004472397,0.029885606
185,Global,overpious,0.041139241,0.029411765,0.019886364,0.036745407,-0.004393834,0.031795694
186,Latin_America_and_the_Caribbean,prehostile,0.063197026,0.055374593,0.082018927,0.058981233,-0.004215793,0.064892945
187,Asia_Pacific,ethography,0.069767442,0.040498442,0.04887218,0.06557377,-0.004193672,0.056177959
188,Asia_Pacific,radio,0.053156146,0.043613707,0.030075188,0.049180328,-0.003975818,0.044006342
189,Global,subarticulate,0.053797468,0.039215686,0.042613636,0.049868766,-0.003928702,0.046373889
190,US_Canada,cataphracti,0.175475687,0.153846154,0.146258503,0.171589311,-0.003886376,0.161792414
191,Global,ischocholia,0.037974684,0.058823529,0.051136364,0.034120735,-0.003853949,0.045513828
192,Africa,earlduck,0.112328767,0.127371274,0.086294416,0.108527132,-0.003801635,0.108630397
193,Middle_East_and_North_Africa,middlingish,0.022222222,0.037433155,0.021857923,0.018867925,-0.003354297,0.025095306
194,Europe,undumbfounded,0.065217391,0.03902439,0.053264605,0.061990212,-0.003227179,0.05487415
195,US_Canada,boosters,0.097251586,0.071005917,0.112244898,0.094233474,-0.003018112,0.093683969
196,Latin_America_and_the_Caribbean,pinealectomy,0.029739777,0.026058632,0.044164038,0.026809651,-0.002930126,0.031693025
197,Europe,platysomid,0.143115942,0.162601626,0.161512027,0.140293638,-0.002822304,0.151880808
198,Africa,aeronomies,0.136986301,0.146341463,0.086294416,0.134366925,-0.002619376,0.125997276
199,Africa,middlingish,0.04109589,0.043360434,0.020304569,0.03875969,-0.0023362,0.035880146
200,Europe,prehostile,0.03804,0.035772358,0.027491409,0.03588,-0.00216,0.034295942
201,US_Canada,monticola,0.002114165,0,0.00170068,0,-0.002114165,0.000953711
202,US_Canada,hypoleucocytosis,0.038054968,0.029585799,0.034013605,0.036568214,-0.001486754,0.034555647
203,Africa,enneads,0.024657534,0.029810298,0.02284264,0.023255814,-0.00140172,0.025141572
204,Asia_Pacific,mercement,0.102990033,0.137071651,0.131578947,0.101639344,-0.001350689,0.118319994
205,Global,mercement,0.066455696,0.075163399,0.039772727,0.065616798,-0.000838898,0.061752155
206,Asia_Pacific,demission,0.029900332,0.028037383,0.041353383,0.029508197,-0.000392135,0.032199824
207,Latin_America_and_the_Caribbean,leposternidae,0.144981413,0.13029316,0.09148265,0.144772118,-0.000209295,0.127882335
208,Africa,hoosierese,0.002739726,0,0.005076142,0.002583979,-0.000155747,0.002599962
209,Africa,intercrystallization,0,0.002710027,0,0,0,0.000677507
210,Eurasia,blurrier,0,0,0,0,0,0
211,Middle_East_and_North_Africa,intercrystallization,0,0.016042781,0.010928962,0,0,0.006742936
212,Middle_East_and_North_Africa,poliosis,0,0.005347594,0,0,0,0.001336899
213,US_Canada,poliosis,0,0.00739645,0.011904762,0,0,0.004825303
214,US_Canada,unodoriferously,0,0,0,0,0,0
215,Europe,frija,0.097826087,0.073170732,0.082474227,0.097879282,5.32E-05,0.087837582
216,Latin_America_and_the_Caribbean,quizzicalness,0.066914498,0.058631922,0.069400631,0.067024129,0.000109631,0.065492795
217,Eurasia,blanky,0.025252525,0.037037037,0.028571429,0.025641026,0.000388501,0.029125504
218,US_Canada,upbelt,0.1205074,0.085798817,0.096938776,0.120956399,0.000448999,0.106050348
219,Eurasia,sealyham,0.035353535,0.026455026,0.051428571,0.035897436,0.000543901,0.037283642
220,US_Canada,unrecited,0.023255814,0.026627219,0.025510204,0.023909986,0.000654172,0.024825806
221,US_Canada,blurrier,0.002114165,0.00887574,0.008503401,0.00281294,0.000698775,0.005576562
222,Europe,parilicium,0.074275362,0.066666667,0.073883162,0.075040783,0.000765421,0.072466494
223,US_Canada,tirocinium,0.21987315,0.25591716,0.215986395,0.220815752,0.000942602,0.228148114
224,US_Canada,harpalus,0.0465,0.00295858,0.008503401,0.0478,0.0013,0.026440495
225,Africa,revisits,0.019178082,0.010840108,0.020304569,0.020671835,0.001493753,0.017748649
226,Africa,sodomitically,0.063013699,0.070460705,0.058375635,0.064599483,0.001585784,0.064112381
227,Global,steri,0.034810127,0.029411765,0.039772727,0.036745407,0.00193528,0.035185007
228,US_Canada,intercrystallization,0.006342495,0.013313609,0.020408163,0.008438819,0.002096324,0.012125772
229,Asia_Pacific,sciolistic,0.584717608,0.576323988,0.526315789,0.586885246,0.002167638,0.568560658
230,Latin_America_and_the_Caribbean,sealyham,0.059479554,0.048859935,0.082018927,0.061662198,0.002182644,0.063005154
231,Global,leposternidae,0.047468354,0.029411765,0.045454545,0.049868766,0.002400412,0.043050858
232,Eurasia,roundeleer,0.161616162,0.137566138,0.165714286,0.164102564,0.002486402,0.157249788
233,Europe,tickings,0.005434783,0.003252033,0.006872852,0.008156607,0.002721824,0.005929069
234,Europe,neighbourship,0.050724638,0.037398374,0.041237113,0.053833605,0.003108967,0.045798433
235,US_Canada,monumentalised,0.031712474,0.026627219,0.037414966,0.035161744,0.00344927,0.032729101
236,Africa,sciolistic,0.575342466,0.615176152,0.502538071,0.57881137,0.003468904,0.567967015
237,Europe,earlduck,0.063405797,0.068292683,0.048109966,0.066884176,0.003478379,0.061673156
238,US_Canada,washmaid,0.014799154,0.01035503,0.018707483,0.018284107,0.003484953,0.015536444
239,Global,headlamps,0.066455696,0.075163399,0.045454545,0.070866142,0.004410446,0.064484946
240,Africa,supervolition,0.052054795,0.062330623,0.065989848,0.056847545,0.00479275,0.059305703
241,Africa,subtilization,0.046575342,0.048780488,0.04822335,0.051679587,0.005104245,0.048814692
242,Eurasia,intercrystallization,0,0,0,0.005128205,0.005128205,0.001282051
243,Eurasia,poliosis,0,0,0,0.005128205,0.005128205,0.001282051
244,Eurasia,middlingish,0,0.005291005,0,0.005128205,0.005128205,0.002604803
245,Africa,blurrier,0,0.005420054,0,0.005167959,0.005167959,0.002647003
246,Middle_East_and_North_Africa,skoaled,0.007407407,0.080213904,0.049180328,0.012578616,0.005171209,0.037345064
247,Asia_Pacific,parilicium,0.102990033,0.102803738,0.109022556,0.108196721,0.005206688,0.105753262
248,Africa,anatomisable,0.043835616,0.075880759,0.050761421,0.049095607,0.005259991,0.054893351
249,Europe,oskar,0.045289855,0.027642276,0.049828179,0.050570962,0.005281107,0.043332818
250,Latin_America_and_the_Caribbean,intercrystallization,0,0.013029316,0.012618297,0.00536193,0.00536193,0.007752386
251,Eurasia,matador,0.02020202,0.015873016,0.022857143,0.025641026,0.005439006,0.021143301
252,Middle_East_and_North_Africa,mercement,0.088888889,0.101604278,0.081967213,0.094339623,0.005450734,0.091700001
253,Eurasia,haulier,0.03030303,0.037037037,0.034285714,0.035897436,0.005594406,0.034380804
254,Europe,leposternidae,0.041666667,0.027642276,0.027491409,0.04730832,0.005641653,0.036027168
255,Eurasia,steri,0.035353535,0.026455026,0.057142857,0.041025641,0.005672106,0.039994265
256,Africa,monticola,0.035616438,0.021680217,0.027918782,0.041343669,0.005727231,0.031639777
257,Eurasia,headlamps,0.04040404,0.052910053,0.04,0.046153846,0.005749806,0.044866985
258,Asia_Pacific,cataphracted,0.053156146,0.034267913,0.018796992,0.059016393,0.005860247,0.041309361
259,Middle_East_and_North_Africa,headlamps,0.044444444,0.048128342,0.032786885,0.050314465,0.005870021,0.043918534
260,Asia_Pacific,eutectic,0.049833887,0.065420561,0.063909774,0.055737705,0.005903818,0.058725482
261,Asia_Pacific,sealyham,0.046511628,0.065420561,0.063909774,0.052459016,0.005947388,0.057075245
262,Asia_Pacific,revisits,0.03986711,0.040498442,0.022556391,0.045901639,0.006034529,0.037205896
263,Asia_Pacific,valeryl,0.03986711,0.034267913,0.030075188,0.045901639,0.006034529,0.037527963
264,Asia_Pacific,tickings,0.03654485,0.040498442,0.022556391,0.042622951,0.006078101,0.035555659
265,Europe,blurrier,0.003623188,0.004878049,0.006872852,0.009787928,0.00616474,0.006290504
266,Middle_East_and_North_Africa,blurrier,0,0.010695187,0.010928962,0.006289308,0.006289308,0.006978364
267,US_Canada,miscontinuance,0.014799154,0.022189349,0.010204082,0.021097046,0.006297892,0.017072408
268,Asia_Pacific,blurrier,0,0,0.007518797,0.006557377,0.006557377,0.003519044
269,Middle_East_and_North_Africa,unodoriferously,0.081481481,0.080213904,0.092896175,0.088050314,0.006568833,0.085660469
270,Eurasia,unodoriferously,0.116161616,0.100529101,0.148571429,0.123076923,0.006915307,0.122084767
271,Africa,pentode,0.01369863,0.002710027,0.050761421,0.020671835,0.006973205,0.021960478
272,Global,rekindlement,0.170886076,0.137254902,0.164772727,0.17847769,0.007591614,0.162847849
273,Europe,valeryl,0.123188406,0.074796748,0.085910653,0.132137031,0.008948625,0.10400821
274,US_Canada,dulcinist,0.006342495,0.01183432,0.010204082,0.01547,0.009127505,0.010962724
275,Asia_Pacific,dulciana,0.049833887,0.028037383,0.022556391,0.059016393,0.009182506,0.039861014
276,Asia_Pacific,headlamps,0.049833887,0.056074766,0.060150376,0.059016393,0.009182506,0.056268856
277,Global,phalansterist,0.053797468,0.078431373,0.0625,0.062992126,0.009194658,0.064430242
278,Asia_Pacific,supervolition,0.03986711,0.018691589,0.030075188,0.049180328,0.009313218,0.034453554
279,Asia_Pacific,steri,0.03654485,0.046728972,0.041353383,0.045901639,0.009356789,0.042632211
280,Asia_Pacific,hypoleucocytosis,0.033222591,0.031152648,0.052631579,0.042622951,0.00940036,0.039907442
281,Latin_America_and_the_Caribbean,stibnites,0.033457249,0.081433225,0.047318612,0.042895442,0.009438193,0.051276132
282,Asia_Pacific,undumbfounded,0.029900332,0.043613707,0.030075188,0.039344262,0.00944393,0.035733372
283,US_Canada,dicaryophyte,0.181818182,0.128698225,0.166666667,0.191279887,0.009461705,0.16711574
284,Africa,aesculus,0.060273973,0.08401084,0.050761421,0.069767442,0.009493469,0.066203419
285,Global,upbelt,0.098101266,0.111111111,0.099431818,0.107611549,0.009510283,0.104063936
286,Europe,khatib,0.03442029,0.040650407,0.0395189,0.044045677,0.009625387,0.039658819
287,Europe,tirocinium,0.18115942,0.167479675,0.166666667,0.1908646,0.00970518,0.176542591
288,Africa,overintellectualized,0.010958904,0.01897019,0.010152284,0.020671835,0.009712931,0.015188303
289,Europe,intercrystallization,0,0.001626016,0.008591065,0.009787928,0.009787928,0.005001252
290,Global,valeryl,0.034810127,0.052287582,0.042613636,0.044619423,0.009809296,0.043582692
291,Asia_Pacific,salespeople,0.239202658,0.22741433,0.244360902,0.249180328,0.00997767,0.240039555
292,Eurasia,unconvincing,0.005050505,0.037037037,0.022857143,0.015384615,0.01033411,0.020082325
293,Global,undumbfounded,0.03164557,0.039215686,0.022727273,0.041994751,0.010349181,0.03389582
294,Asia_Pacific,tirocinium,0.209302326,0.196261682,0.278195489,0.219672131,0.010369805,0.225857907
295,Middle_East_and_North_Africa,pseudointellectually,0.051851852,0.048128342,0.054644809,0.062893082,0.01104123,0.054379521
296,Africa,ichthyolatry,0.032876712,0.029810298,0.043147208,0.043927649,0.011050937,0.037440467
297,Latin_America_and_the_Caribbean,frija,0.037174721,0.048859935,0.041009464,0.048257373,0.011082652,0.043825373
298,Global,revisits,0.041139241,0.032679739,0.03125,0.052493438,0.011354197,0.039390605
299,Latin_America_and_the_Caribbean,aberrator,0.026022305,0.045602606,0.031545741,0.037533512,0.011511207,0.035176041
300,Africa,harpalus,0.07612,0.010840108,0.020304569,0.087855,0.011735,0.048779919
301,Africa,dulciana,0.019178082,0.010840108,0.007614213,0.031007752,0.01182967,0.017160039
302,Asia_Pacific,harpalus,0.0897,0.012461059,0.011278195,0.1016,0.0119,0.053759814
303,Europe,polynucleotidase,0.043478261,0.037398374,0.042955326,0.055464927,0.011986666,0.044824222
304,Europe,dicaryophyte,0.041666667,0.021138211,0.030927835,0.053833605,0.012166938,0.03689158
305,Asia_Pacific,waterskiing,0.063122924,0.096573209,0.060150376,0.075409836,0.012286912,0.073814086
306,Global,unconvincing,0.034810127,0.035947712,0.048295455,0.047244094,0.012433967,0.041574347
307,Europe,roundeleer,0.219202899,0.152845528,0.194158076,0.231647635,0.012444736,0.199463535
308,Asia_Pacific,proems,0.295681063,0.355140187,0.293233083,0.308196721,0.012515658,0.313062764
309,Asia_Pacific,fourscorth,0.03654485,0.037383178,0.04887218,0.049180328,0.012635478,0.042995134
310,Africa,fourscorth,0.046575342,0.043360434,0.050761421,0.059431525,0.012856183,0.050032181
311,Africa,solenial,0,0,0.002538071,0.012919897,0.012919897,0.003864492
312,Asia_Pacific,kialee,0.006644518,0.021806854,0.022556391,0.019672131,0.013027613,0.017669974
313,Asia_Pacific,homicidally,0.491694352,0.53271028,0.443609023,0.504918033,0.013223681,0.493232922
314,Europe,cataphracted,0.030797101,0.027642276,0.036082474,0.044045677,0.013248576,0.034641882
315,Africa,jugated,0.035616438,0.054200542,0.043147208,0.049095607,0.013479169,0.045514949
316,US_Canada,paraxylene,0.029598309,0.035502959,0.039115646,0.043600563,0.014002254,0.036954369
317,Africa,fortyfives,0.024657534,0.027100271,0.030456853,0.03875969,0.014102156,0.030243587
318,Asia_Pacific,hamotzi,0.169435216,0.165109034,0.154135338,0.183606557,0.014171341,0.168071536
319,Europe,unodoriferously,0.135869565,0.146341463,0.158075601,0.150081566,0.014212001,0.147592049
320,Global,fourscorth,0.069620253,0.081699346,0.073863636,0.083989501,0.014369248,0.077293184
321,Global,pinealectomy,0.069620253,0.052287582,0.039772727,0.083989501,0.014369248,0.061417516
322,Middle_East_and_North_Africa,protaspis,0.362962963,0.395721925,0.442622951,0.377358491,0.014395528,0.394666583
323,Latin_America_and_the_Caribbean,monotomous,0.014869888,0.058631922,0.075709779,0.029490617,0.014620729,0.044675552
324,US_Canada,khatib,0.023255814,0.034023669,0.035714286,0.037974684,0.01471887,0.032742113
325,US_Canada,leptomonad,0.050739958,0.081360947,0.049319728,0.066104079,0.015364121,0.061881178
326,Eurasia,solenial,0.010101,0.037037037,0.028571429,0.0256,0.015499,0.025327367
327,Middle_East_and_North_Africa,fourscorth,0.022222222,0.07486631,0.049180328,0.037735849,0.015513627,0.046001177
328,Eurasia,unindorsed,0.01010101,0.021164021,0.034285714,0.025641026,0.015540016,0.022797943
329,Eurasia,anatomisable,0.02020202,0.095238095,0.028571429,0.035897436,0.015695416,0.044977245
330,Africa,gridder,0.038356164,0.048780488,0.043147208,0.054263566,0.015907402,0.046136857
331,Eurasia,ethography,0.035353535,0.052910053,0.074285714,0.051282051,0.015928516,0.053457838
332,US_Canada,totterer,0.023255814,0.032544379,0.032312925,0.039381153,0.016125339,0.031873568
333,Europe,phalansterist,0.03442029,0.032520325,0.036082474,0.050570962,0.016150672,0.038398513
334,Latin_America_and_the_Caribbean,mercement,0.066914498,0.104234528,0.085173502,0.08310992,0.016195422,0.084858112
335,Europe,haulier,0.032608696,0.024390244,0.042955326,0.048939641,0.016330945,0.037223477
336,Latin_America_and_the_Caribbean,roundeleer,0.219330855,0.195439739,0.220820189,0.235924933,0.016594078,0.217878929
337,Eurasia,shagtail,0.095959596,0.095238095,0.091428571,0.112820513,0.016860917,0.098861694
338,Africa,proems,0.197260274,0.173441734,0.157360406,0.214470284,0.01721001,0.185633175
339,Europe,upbelt,0.070652174,0.066666667,0.067010309,0.088091354,0.01743918,0.073105126
340,Global,temptability,0.034810127,0.049019608,0.028409091,0.052493438,0.017683311,0.041183066
341,Eurasia,tirocinium,0.171717172,0.17989418,0.182857143,0.18974359,0.018026418,0.181053021
342,US_Canada,hoosierese,0,0.00887574,0.013605442,0.018284107,0.018284107,0.010191322
343,Europe,unlawyered,0.188405797,0.164227642,0.195876289,0.207177814,0.018772017,0.188921886
344,Middle_East_and_North_Africa,solenial,0,0,0.005464481,0.018867925,0.018867925,0.006083102
345,Asia_Pacific,anatomisable,0.059800664,0.080996885,0.030075188,0.078688525,0.018887861,0.062390316
346,US_Canada,emulatress,0.080338266,0.116863905,0.090136054,0.099859353,0.019521087,0.096799395
347,Global,gerund,0.069620253,0.065359477,0.09375,0.089238845,0.019618592,0.079492144
348,Eurasia,kyanise,0,0.010582011,0.005714286,0.020512821,0.020512821,0.00920228
349,Middle_East_and_North_Africa,parilicium,0.111111111,0.165775401,0.109289617,0.132075472,0.020964361,0.1295629
350,Asia_Pacific,pledgeors,0.146179402,0.14953271,0.176691729,0.167213115,0.021033713,0.159904239
351,Europe,mercement,0.050724638,0.05203252,0.056701031,0.07177814,0.021053502,0.057809082
352,Africa,platysomid,0.082191781,0.075880759,0.109137056,0.103359173,0.021167392,0.092642192
353,Latin_America_and_the_Caribbean,middlingish,0.029739777,0.029315961,0.028391167,0.050938338,0.021198561,0.034596311
354,Asia_Pacific,gridder,0.109634551,0.118380062,0.127819549,0.131147541,0.02151299,0.121745426
355,Africa,unlawyered,0.073972603,0.097560976,0.076142132,0.095607235,0.021634632,0.085820737
356,Eurasia,prehostile,0.0808,0.074074074,0.102857143,0.10256,0.02176,0.090072804
357,Asia_Pacific,dinking,0.056478405,0.052959502,0.093984962,0.078688525,0.02221012,0.070527849
358,Europe,dulcinist,0.021739,0.011382114,0.030927835,0.0440456,0.0223066,0.027023637
359,Asia_Pacific,paraxylene,0.043189369,0.049844237,0.052631579,0.06557377,0.022384401,0.052809739
360,Africa,ceaselessness,0.194520548,0.178861789,0.215736041,0.217054264,0.022533716,0.201543161
361,Asia_Pacific,stibnites,0.029900332,0.043613707,0.033834586,0.052459016,0.022558684,0.03995191
362,Latin_America_and_the_Caribbean,hoosierese,0.014869888,0.009771987,0.047318612,0.037533512,0.022663624,0.0273735
363,Africa,uncatenated,0.008219178,0.021680217,0.027918782,0.031007752,0.022788574,0.022206482
364,Africa,unodoriferously,0.098630137,0.08401084,0.111675127,0.121447028,0.022816891,0.103940783
365,Asia_Pacific,solenial,0.003322,0.003115265,0.003759398,0.02622,0.022898,0.009104166
366,Asia_Pacific,hoosierese,0,0,0.022556391,0.02295082,0.02295082,0.011376803
367,Middle_East_and_North_Africa,platysomid,0.096296296,0.080213904,0.092896175,0.119496855,0.023200559,0.097225808
368,Global,pledgeors,0.079113924,0.153594771,0.09375,0.102362205,0.023248281,0.107205225
369,Africa,stibnites,0.038356164,0.027100271,0.038071066,0.062015504,0.02365934,0.041385751
370,Europe,emulatress,0.121376812,0.115447154,0.130584192,0.145187602,0.02381079,0.12814894
371,Latin_America_and_the_Caribbean,blanky,0.029739777,0.052117264,0.03785489,0.053619303,0.023879526,0.043332809
372,Africa,protaspis,0.350684932,0.376693767,0.403553299,0.374677003,0.023992071,0.37640225
373,Middle_East_and_North_Africa,kialee,0.007407407,0.021390374,0.016393443,0.031446541,0.024039134,0.019159441
374,Global,intercrystallization,0.012658228,0.045751634,0.028409091,0.036745407,0.024087179,0.03089109
375,Latin_America_and_the_Caribbean,khatib,0.037174721,0.094462541,0.072555205,0.061662198,0.024487477,0.066463666
376,US_Canada,headlamps,0.035940803,0.051775148,0.045918367,0.0604782,0.024537397,0.04852813
377,Asia_Pacific,eruptions,0.096345515,0.07165109,0.086466165,0.121311475,0.02496596,0.093943561
378,US_Canada,dulciana,0.038054968,0.035502959,0.049319728,0.063291139,0.025236171,0.046542199
379,Latin_America_and_the_Caribbean,chenilles,0.014869888,0.045602606,0.031545741,0.040214477,0.025344589,0.033058178
380,Global,parilicium,0.050632911,0.120915033,0.096590909,0.076115486,0.025482575,0.086063585
381,Global,sealyham,0.034810127,0.058823529,0.039772727,0.060367454,0.025557327,0.048443459
382,Eurasia,hoosierese,0,0.026455026,0.022857143,0.025641026,0.025641026,0.018738299
383,Eurasia,downrightly,0.005050505,0.042328042,0.04,0.030769231,0.025718726,0.029536945
384,Latin_America_and_the_Caribbean,upbelt,0.118959108,0.146579805,0.157728707,0.144772118,0.02581301,0.142009935
385,Middle_East_and_North_Africa,pentode,0.037037037,0.032085561,0.043715847,0.062893082,0.025856045,0.043932882
386,Eurasia,undumbfounded,0.03030303,0.084656085,0.108571429,0.056410256,0.026107226,0.0699852
387,Global,summed,0.028481013,0.032679739,0.036931818,0.05511811,0.026637097,0.03830267
388,Africa,shagtail,0.054794521,0.056910569,0.129441624,0.082687339,0.027892818,0.080958513
389,Asia_Pacific,unodoriferously,0.102990033,0.102803738,0.135338346,0.131147541,0.028157508,0.118069915
390,Asia_Pacific,removedly,0.059800664,0.07165109,0.067669173,0.08852459,0.028723926,0.071911379
391,Middle_East_and_North_Africa,ethography,0.059259259,0.058823529,0.049180328,0.088050314,0.028791055,0.063828358
392,Africa,mercement,0.082191781,0.151761518,0.116751269,0.111111111,0.02891933,0.11545392
393,Global,middlingish,0.053797468,0.052287582,0.056818182,0.083989501,0.030192033,0.061723183
394,Latin_America_and_the_Caribbean,aeronomies,0.24535316,0.208469055,0.258675079,0.27613941,0.03078625,0.247159176
395,Europe,rekindlement,0.132246377,0.108943089,0.156357388,0.163132137,0.03088576,0.140169748
396,Global,poliosis,0.003164557,0.026143791,0.025568182,0.034120735,0.030956178,0.022249316
397,Global,hoosierese,0.003164557,0.022875817,0.036931818,0.034120735,0.030956178,0.024273232
398,Eurasia,dulcinist,0.03535,0.058201058,0.051428571,0.066666667,0.031316667,0.052911574
399,Global,cataphracted,0.015822785,0.032679739,0.039772727,0.047244094,0.031421309,0.033879836
400,Middle_East_and_North_Africa,kyanise,0,0.016042781,0.016393443,0.031446541,0.031446541,0.015970691
401,Africa,skoaled,0.035616438,0.032520325,0.040609137,0.067183463,0.031567025,0.043982341
402,Europe,harpalus,0.074275,0.014634146,0.010309278,0.10603,0.031755,0.051312106
403,Global,gridder,0.028481013,0.055555556,0.034090909,0.060367454,0.031886441,0.044623733
404,Asia_Pacific,sacerdotalist,0.023255814,0.056074766,0.063909774,0.055737705,0.032481891,0.049744515
405,Africa,unconvincing,0.019178082,0.01897019,0.02284264,0.051679587,0.032501505,0.028167625
406,Asia_Pacific,dulcinist,0.019933555,0.024922118,0.018796992,0.052459,0.032525445,0.029027916
407,Eurasia,fauchards,0.121212121,0.142857143,0.097142857,0.153846154,0.032634033,0.128764569
408,Africa,taborets,0.016438356,0.027100271,0.035532995,0.049095607,0.032657251,0.032041807
409,Latin_America_and_the_Caribbean,strigilate,0.055762082,0.074918567,0.056782334,0.08847185,0.032709768,0.068983708
410,Latin_America_and_the_Caribbean,cliques,0.026022305,0.048859935,0.050473186,0.058981233,0.032958928,0.046084165
411,Europe,paraxylene,0.15942029,0.136585366,0.204467354,0.192495922,0.033075632,0.173242233
412,Latin_America_and_the_Caribbean,fourscorth,0.081784387,0.107491857,0.107255521,0.115281501,0.033497114,0.102953317
413,Middle_East_and_North_Africa,valeryl,0.066666667,0.106951872,0.06010929,0.100628931,0.033962264,0.08358919
414,Middle_East_and_North_Africa,leposternidae,0.022222222,0.053475936,0.032786885,0.056603774,0.034381552,0.041272204
415,US_Canada,middlingish,0.019027484,0.016272189,0.027210884,0.053445851,0.034418367,0.028989102
416,Europe,hamotzi,0.226449275,0.211382114,0.238831615,0.261011419,0.034562144,0.234418606
417,Africa,sacerdotalist,0.02739726,0.043360434,0.053299492,0.062015504,0.034618244,0.046518173
418,US_Canada,eruptions,0.147991543,0.156804734,0.18877551,0.182841069,0.034849526,0.169103214
419,Global,haulier,0.041139241,0.019607843,0.068181818,0.076115486,0.034976245,0.051261097
420,Europe,middlingish,0.009057971,0.008130081,0.008591065,0.044045677,0.034987706,0.017456199
421,Middle_East_and_North_Africa,demission,0.014814815,0.053475936,0.027322404,0.050314465,0.03549965,0.036481905
422,Latin_America_and_the_Caribbean,harpalus,0.2565,0.052117264,0.05362776,0.292225,0.035725,0.163617506
423,Global,ichthyolatry,0.066455696,0.068627451,0.099431818,0.102362205,0.035906509,0.084219293
424,Middle_East_and_North_Africa,haulier,0.051851852,0.037433155,0.032786885,0.088050314,0.036198462,0.052530552
425,Latin_America_and_the_Caribbean,misthrown,0.022304833,0.045602606,0.050473186,0.058981233,0.0366764,0.044340465
426,Europe,kyanise,0.007246377,0.004878049,0.001718213,0.044045677,0.0367993,0.014472079
427,Africa,pseudointellectually,0.032876712,0.037940379,0.043147208,0.069767442,0.03689073,0.045932935
428,Europe,hoosierese,0.003623188,0.003252033,0.020618557,0.040783034,0.037159846,0.017069203
429,Middle_East_and_North_Africa,harpalus,0.04444,0.021390374,0.005464481,0.08176,0.03732,0.038263714
430,Europe,solenial,0.02564,0.035772358,0.032646048,0.0634,0.03776,0.039364602
431,Africa,pseudoarticulately,0.010958904,0.008130081,0.020304569,0.049095607,0.038136703,0.02212229
432,US_Canada,founderous,0.027484144,0.039940828,0.040816327,0.066104079,0.038619935,0.043586345
433,Africa,hamotzi,0.084931507,0.081300813,0.109137056,0.124031008,0.039099501,0.099850096
434,Asia_Pacific,middlingish,0.006644518,0.012461059,0.022556391,0.045901639,0.039257121,0.021890902
435,Middle_East_and_North_Africa,caribal,0.02962963,0.037433155,0.049180328,0.06918239,0.03955276,0.046356376
436,Asia_Pacific,rekindlement,0.182724252,0.158878505,0.210526316,0.22295082,0.040226568,0.193769973
437,Europe,anatomisable,0.02173913,0.063414634,0.054982818,0.061990212,0.040251082,0.050531699
438,Middle_East_and_North_Africa,subarticulate,0.066666667,0.069518717,0.071038251,0.106918239,0.040251572,0.078535469
439,Global,cafenet,0.006329114,0.055555556,0.034090909,0.047244094,0.04091498,0.035804918
440,Africa,salespeople,0.224657534,0.243902439,0.208121827,0.266149871,0.041492337,0.235707918
441,Africa,eruptions,0.04109589,0.046070461,0.07106599,0.082687339,0.041591449,0.06022992
442,Middle_East_and_North_Africa,dinking,0.014814815,0.053475936,0.06557377,0.056603774,0.041788959,0.047617074
443,Asia_Pacific,upbelt,0.03986711,0.043613707,0.041353383,0.081967213,0.042100103,0.051700353
444,Africa,tirocinium,0.120547945,0.16802168,0.144670051,0.162790698,0.042242753,0.149007594
445,Asia_Pacific,kyanise,0.003322259,0.018691589,0.022556391,0.045901639,0.04257938,0.02261797
446,Eurasia,rekindlement,0.106060606,0.095238095,0.165714286,0.148717949,0.042657343,0.128932734
447,US_Canada,overpious,0.019027484,0.026627219,0.027210884,0.061884669,0.042857185,0.033687564
448,US_Canada,dinking,0.109936575,0.110946746,0.110544218,0.153305204,0.043368629,0.121183186
449,Europe,pledgeors,0.172101449,0.131707317,0.164948454,0.216965742,0.044864293,0.171430741
450,Europe,crassis,0.039855072,0.027642276,0.048109966,0.084828711,0.044973639,0.050109006
451,Middle_East_and_North_Africa,tirocinium,0.118518519,0.267379679,0.153005464,0.163522013,0.045003494,0.175606419
452,Latin_America_and_the_Caribbean,emulatress,0.107806691,0.149837134,0.126182965,0.152815013,0.045008322,0.134160451
453,Global,dicycly,0.012658228,0.016339869,0.03125,0.057742782,0.045084554,0.02949772
454,Middle_East_and_North_Africa,phalansterist,0.059259259,0.042780749,0.054644809,0.106918239,0.04765898,0.065900764
455,Asia_Pacific,pseudointellectually,0.07641196,0.112149533,0.120300752,0.124590164,0.048178204,0.108363102
456,Latin_America_and_the_Caribbean,dulcinist,0.05576,0.068403909,0.075709779,0.10455,0.04879,0.076105922
457,Latin_America_and_the_Caribbean,kyanise,0.007434944,0.022801303,0.015772871,0.056300268,0.048865324,0.025577347
458,Asia_Pacific,unconvincing,0.019933555,0.040498442,0.030075188,0.068852459,0.048918904,0.039839911
459,Global,pseudointellectually,0.050632911,0.111111111,0.085227273,0.099737533,0.049104622,0.086677207
460,Global,dulcinist,0.018987,0.019607843,0.03125,0.06824147,0.04925447,0.034521578
461,Global,minginess,0.03164557,0.049019608,0.0625,0.081364829,0.049719259,0.056132502
462,Middle_East_and_North_Africa,paraxylene,0.044444444,0.053475936,0.103825137,0.094339623,0.049895179,0.074021285
463,Middle_East_and_North_Africa,dulcinist,0,0.005347594,0.021857923,0.050314465,0.050314465,0.019379996
464,US_Canada,frija,0.050739958,0.103550296,0.079931973,0.101265823,0.050525865,0.083872013
465,Middle_East_and_North_Africa,pledgeors,0.037037037,0.064171123,0.071038251,0.088050314,0.051013277,0.065074181
466,Europe,salespeople,0.141304348,0.136585366,0.127147766,0.192495922,0.051191574,0.149383351
467,Global,harpalus,0.066455,0.035947712,0.019886364,0.11811,0.051655,0.060099769
468,Europe,aeronomies,0.170289855,0.17398374,0.189003436,0.223491028,0.053201173,0.189192015
469,US_Canada,secondhandedly,0.21141649,0.221893491,0.239795918,0.265822785,0.054406295,0.234732171
470,Europe,waterskiing,0.025362319,0.082926829,0.065292096,0.079934747,0.054572428,0.063378998
471,Asia_Pacific,ichthyolatry,0.03654485,0.049844237,0.067669173,0.091803279,0.055258429,0.061465385
472,Latin_America_and_the_Caribbean,dinking,0.089219331,0.133550489,0.085173502,0.144772118,0.055552787,0.11317886
473,Eurasia,phalansterist,0.005050505,0.111111111,0.097142857,0.061538462,0.056487957,0.068710734
474,Middle_East_and_North_Africa,steri,0,0.021390374,0.027322404,0.056603774,0.056603774,0.026329138
475,Middle_East_and_North_Africa,radio,0,0.032085561,0.021857923,0.056603774,0.056603774,0.027636815
476,Europe,eruptions,0.10326087,0.082926829,0.109965636,0.159869494,0.056608624,0.114005707
477,US_Canada,aeronomies,0.253699789,0.202662722,0.258503401,0.310829817,0.057130028,0.256423932
478,Africa,homicidally,0.402739726,0.411924119,0.401015228,0.45994832,0.057208594,0.418906848
479,Asia_Pacific,shagtail,0.056478405,0.059190031,0.142857143,0.114754098,0.058275693,0.093319919
480,Global,aeronomies,0.10443038,0.120915033,0.119318182,0.162729659,0.058299279,0.126848314
481,Africa,sealyham,0.019178082,0.027100271,0.038071066,0.07751938,0.058341298,0.0404672
482,Middle_East_and_North_Africa,undumbfounded,0.02962963,0.064171123,0.038251366,0.088050314,0.058420684,0.055025608
483,Global,solenial,0.009493671,0.013071895,0.034090909,0.0682,0.058706329,0.031214119
484,Africa,rekindlement,0.191780822,0.165311653,0.26142132,0.250645995,0.058865173,0.217289948
485,Latin_America_and_the_Caribbean,haulier,0.055762082,0.078175896,0.097791798,0.115281501,0.059519419,0.086752819
486,Eurasia,ceaselessness,0.207070707,0.253968254,0.268571429,0.266666667,0.05959596,0.249069264
487,Africa,roundeleer,0.076712329,0.081300813,0.175126904,0.136950904,0.060238575,0.117522738
488,Asia_Pacific,unlawyered,0.132890365,0.105919003,0.135338346,0.193442623,0.060552258,0.141897584
489,Global,shagtail,0.136075949,0.133986928,0.193181818,0.196850394,0.060774445,0.165023772
490,Global,paraxylene,0.088607595,0.08496732,0.119318182,0.149606299,0.060998704,0.110624849
491,Middle_East_and_North_Africa,sciolistic,0.466666667,0.411764706,0.448087432,0.528301887,0.06163522,0.463705173
492,Middle_East_and_North_Africa,pseudophone,0.007407407,0.064171123,0.054644809,0.06918239,0.061774983,0.048851432
493,Middle_East_and_North_Africa,ichthyolatry,0.044444444,0.042780749,0.06010929,0.106918239,0.062473795,0.063563181
494,Africa,upbelt,0.035616438,0.062330623,0.060913706,0.098191214,0.062574776,0.064262995
495,US_Canada,ceaselessness,0.160676533,0.167159763,0.210884354,0.223628692,0.062952159,0.190587336
496,US_Canada,canephoros,0.139534884,0.165680473,0.161564626,0.202531646,0.062996762,0.167327907
497,Africa,kyanise,0.010958904,0.008130081,0.02284264,0.074935401,0.063976497,0.029216757
498,Latin_America_and_the_Caribbean,misusement,0,0,0,0.067,0.067,0.01675
499,Europe,ceaselessness,0.293478261,0.269918699,0.295532646,0.360522023,0.067043762,0.304862907
500,Global,ceaselessness,0.291139241,0.232026144,0.309659091,0.359580052,0.068440811,0.298101132
501,Africa,dinking,0.068493151,0.051490515,0.098984772,0.136950904,0.068457753,0.088979836
502,Africa,emulatress,0.109589041,0.138211382,0.129441624,0.178294574,0.068705533,0.138884155
503,US_Canada,kyanise,0.059196617,0.082840237,0.081632653,0.127988748,0.068792131,0.087914564
504,Europe,shagtail,0.161231884,0.164227642,0.171821306,0.231647635,0.070415751,0.182232117
505,Latin_America_and_the_Caribbean,pledgeors,0.19330855,0.273615635,0.324921136,0.268096515,0.074787965,0.264985459
506,Middle_East_and_North_Africa,upbelt,0.02962963,0.080213904,0.06557377,0.106918239,0.077288609,0.070583886
507,Middle_East_and_North_Africa,eruptions,0.111111111,0.096256684,0.098360656,0.188679245,0.077568134,0.123601924
508,Middle_East_and_North_Africa,rekindlement,0.140740741,0.128342246,0.202185792,0.220125786,0.079385045,0.172848641
509,Global,eruptions,0.17721519,0.222222222,0.21875,0.257217848,0.080002658,0.218851315
510,Middle_East_and_North_Africa,hamotzi,0.162962963,0.203208556,0.163934426,0.245283019,0.082320056,0.193847241
511,Middle_East_and_North_Africa,emulatress,0.111111111,0.28342246,0.202185792,0.194968553,0.083857442,0.197921979
512,Latin_America_and_the_Caribbean,solenial,0.007434944,0.006514658,0.022082019,0.09651,0.089075056,0.033135405
513,Middle_East_and_North_Africa,unlawyered,0.111111111,0.128342246,0.174863388,0.20754717,0.096436059,0.155465979
514,Asia_Pacific,roundeleer,0.102990033,0.133956386,0.146616541,0.2,0.097009967,0.14589074
515,Middle_East_and_North_Africa,proems,0.185185185,0.385026738,0.344262295,0.283018868,0.097833683,0.299373272
516,Eurasia,harpalus,0.1111,0.052910053,0.057142857,0.210256,0.099156,0.107852228
517,US_Canada,pseudointellectually,0.11205074,0.149408284,0.192176871,0.215189873,0.103139133,0.167206442
518,Africa,schadchan,0.046575342,0.067750678,0.109137056,0.15245478,0.105879438,0.093979464
519,Latin_America_and_the_Caribbean,paraxylene,0.092936803,0.107491857,0.110410095,0.201072386,0.108135583,0.127977785
520,Latin_America_and_the_Caribbean,rekindlement,0.19330855,0.263843648,0.268138801,0.308310992,0.115002442,0.258400498
521,Global,kyanise,0.015822785,0.026143791,0.039772727,0.133858268,0.118035483,0.053899393
522,Eurasia,eruptions,0.055555556,0.063492063,0.062857143,0.174358974,0.118803418,0.089065934
523,US_Canada,shagtail,0.177589852,0.210059172,0.256802721,0.29676512,0.119175268,0.235304216
524,Eurasia,hamotzi,0.085858586,0.153439153,0.177142857,0.205128205,0.119269619,0.1553922
525,Middle_East_and_North_Africa,shagtail,0.051851852,0.080213904,0.12568306,0.176100629,0.124248777,0.108462361
526,Eurasia,unlawyered,0.101010101,0.169312169,0.148571429,0.225641026,0.124630925,0.161133681
527,Latin_America_and_the_Caribbean,shagtail,0.159851301,0.159609121,0.230283912,0.286863271,0.12701197,0.209151901
528,Asia_Pacific,ceaselessness,0.209302326,0.249221184,0.270676692,0.354098361,0.144796035,0.270824641
529,Middle_East_and_North_Africa,ceaselessness,0.192592593,0.299465241,0.273224044,0.358490566,0.165897973,0.280943111
530,Middle_East_and_North_Africa,roundeleer,0.111111111,0.256684492,0.234972678,0.289308176,0.178197065,0.223019114